PM2.5,PM10,NO,NO2,NOx,NH3,CO,SO2,O3,Benzene,Toluene,Xylene,AQI
0.029984,0.023797,0.002292,0.104086,0.031245,0.228986,0.117647,0.094102,0.276439,0.042701,0.043825,0.023266,40
0.027874,0.035494,0.00203,0.19089,0.05879,0.357143,0.12549,0.12742,0.313733,0.051639,0.041889,0.013686,42
0.039412,0.047484,0.002685,0.278294,0.08423,0.446664,0.164706,0.093652,0.290186,0.050645,0.036257,0.021898,47
0.045278,0.060611,0.001506,0.224953,0.06727,0.383905,0.113725,0.098604,0.348986,0.047666,0.033558,0.012318,45
0.046703,0.048474,0.003601,0.264609,0.080758,0.39069,0.211765,0.069563,0.212059,0.029791,0.051921,0.015055,49
0.038809,0.0352,0.014144,0.310159,0.102043,0.415567,0.109804,0.116389,0.238601,0.007944,0.047697,0.040602,49
0.006825,0.013402,0.00072,0.010888,0.001821,0.12288,0.133333,0.079244,0.395127,0.010924,0.031094,0.004562,42
0,0,0.002947,0.000699,0.000341,0.083113,0.152941,0.065961,0.200626,0.020854,0.045761,0.024635,43
0.051225,0.067797,0.002619,0.080711,0.024301,0.149265,0.133333,0.051553,0.249898,0.019861,0.051393,0.028285,46
0.010799,0.035292,0.000982,0.030666,0.008025,0.146815,0.12549,0.120666,0.155574,0.121152,0.130419,0.037409,39
0.20956,0.358071,0.011852,0.404455,0.128849,0.285149,0.12549,0.250113,0.517354,0.23138,0.17753,0.004106,192
0.243244,0.270419,0.053628,0.513036,0.191452,0.306257,0.12549,0.259568,0.231523,0.109235,0.105603,0,199
0.081428,0.064827,0.008119,0.34552,0.108417,0.323219,0.070588,0.316524,0.402341,0.043694,0.004517,0.000912,171
0.258044,0.278174,0.251048,0.384977,0.292869,0.303053,0.278431,0.420982,0.254934,0.180735,0.118862,0.077099,131
0.181275,0.188065,0.012179,0.356108,0.114621,0.325292,0.090196,0.55403,0.369402,0.057597,0.039132,0.004106,148
0.216193,0.228912,0.011983,0.283188,0.092425,0.292499,0.12549,0.364926,0.423166,0.057597,0.006747,0,190
0.152004,0.21221,0.162913,0.271102,0.195663,0.212966,0.137255,0.434714,0.303661,0.106256,0.105603,0.040146,112
0.184153,0.237657,0.023769,0.260913,0.093962,0.239917,0.101961,0.434489,0.394855,0.048659,0.122617,0.004106,133
0.159705,0.241727,0.029335,0.39087,0.137101,0.232567,0.180392,0.466006,0.359603,0.030785,0.005925,0,119
0.153237,0.19802,0.030382,0.331236,0.119913,0.277799,0.101961,0.350518,0.380155,0.093347,0.028395,0.065693,146
0.218714,0.250435,0.012768,0.323644,0.105173,0.161138,0.098039,0.449347,0.543759,0.029791,0.029569,0.000456,160
0.115688,0.130956,0.008578,0.256618,0.081612,0.118734,0.070588,0.444845,0.459235,0.020854,0.001291,0,119
0.181275,0.190852,0.062795,0.295775,0.13215,0.184131,0.14902,0.446195,0.36178,0.057597,0.042124,0.002281,146
0.16927,0.228069,0.030972,0.262112,0.099425,0.164154,0.094118,0.429086,0.442357,0.050645,0.155705,0.005931,135
0.178808,0.24741,0.030317,0.286585,0.106198,0.129288,0.109804,0.583971,0.500476,0.055611,0.116515,0.004562,160
0.205394,0.293684,0.058277,0.352113,0.145922,0.189408,0.141176,0.595452,0.561998,0.061569,0.029686,0.002281,195
0.152223,0.254267,0.066527,0.329637,0.144955,0.18545,0.094118,0.578793,0.500749,0.067527,0.020417,0.001825,153
0.16716,0.24092,0.014471,0.29997,0.099254,0.167169,0.086275,0.560333,0.63822,0.055611,0.011323,0.002281,132
0.199611,0.311083,0.011524,0.377185,0.120483,0.204109,0.152941,0.591625,0.634817,0.106256,0.017483,0.001369,153
0.10415,0.160711,0.005893,0.364799,0.112913,0.206559,0.039216,0.296038,0.590173,0.062562,0.012438,0.001369,124
0.19972,0.343735,0.072813,0.521426,0.207672,0.23709,0.113725,0.774426,0.384102,0.096326,0.054327,0.007755,142
0.1366,0.200147,0.136852,0.387773,0.212566,0.199585,0.094118,0.416029,0.471349,0.108242,0.029569,0,146
0.139204,0.190522,0.006221,0.347817,0.107791,0.187524,0.066667,0.457452,0.672928,0.053625,0.052449,0,102
0.218522,0.302998,0.045639,0.459495,0.169655,0.219186,0.137255,0.604007,0.54022,0.069513,0.062775,0,180
0.161569,0.207902,0.008381,0.352412,0.110864,0.22974,0.098039,0.511256,0.751735,0.06852,0.000293,0,132
0.058269,0.15479,0.005566,0.30017,0.09288,0.13023,0.003922,0.591625,0.74003,0.031778,0,0,101
0.123417,0.205592,0.004845,0.22765,0.0704,0.143611,0.035294,0.576542,0.855043,0.025819,0.019361,0,111
0.107767,0.19417,0.008971,0.276096,0.08827,0.134942,0.05098,0.503152,0.583912,0.027805,0.011851,0,108
0.163624,0.24796,0.010673,0.29977,0.096352,0.216359,0.082353,0.590725,0.403158,0.05859,0.011264,0,127
0.122129,0.237419,0.00825,0.249625,0.079506,0.485677,0.145098,0.266772,0.586906,0.120159,0.092226,0.027828,112
0.095927,0.193125,0.011524,0.275497,0.089523,0.236336,0.113725,0.188879,0.354839,0.113208,0.10572,0.051095,127
0.179028,0.618315,0.007858,0.274398,0.087189,0.290237,0.462745,0.277803,0.3856,0.102284,0.133177,0.036953,148
0.054377,0.147621,0.003078,0.098092,0.030163,0.268941,0.160784,0.131923,0.334694,0.031778,0.036844,0.007299,135
0.167242,0.233935,0.013096,0.249426,0.082978,0.237844,0.301961,0.309095,1,0.108242,0.163391,0.078923,154
0.092638,0.134696,0.004976,0.295575,0.091628,0.3317,0.156863,0.101531,0.288689,0.028798,0.102376,0.04562,114
0.123719,0.137006,0.008119,0.257617,0.081669,0.140219,0.737255,0.0905,0.248265,0.02284,0.095629,0.033759,128
0.119936,0.127088,0.006941,0.289781,0.089921,0.35507,0.478431,0.074066,0.311556,0.018868,0.063186,0.020529,101
0.109138,0.121533,0.003863,0.504145,0.153435,0.456087,0.737255,0.063035,0.274125,0.002979,0.043708,0.011405,128
0.152634,0.259235,0.011786,0.512037,0.161516,0.632492,0.278431,0.093201,0.391588,0.039722,0.141097,0.022354,122
0.022803,0.030489,0.002292,0.065328,0.01935,0.186958,0.329412,0.119541,0.454335,0.002979,0.045351,0.020529,105
0.057392,0.079604,0.002816,0.221556,0.072733,0.352997,0.705882,0.134399,0.469443,0.004965,0.084013,0.046077,109
0.035795,0.074966,0.005566,0.298372,0.092368,0.365812,0.352941,0.10986,0.280931,0.001986,0.086008,0.044708,101
0.103958,0.186085,0.045115,0.539107,0.19333,0.490954,0.223529,0.064611,0.158296,0.163853,0.056674,0.112226,108
0.122266,0.212577,0.14759,0.48197,0.248762,0.429891,0.345098,0.09095,0.227031,0.14002,0.078733,0.115876,117
0.122019,0.184857,0.052711,0.385975,0.152239,0.372597,0.215686,0.08262,0.24527,0.08143,0.050513,0.073449,112
0.131722,0.192813,0.012048,0.237838,0.078652,0.336789,0.239216,0.114138,0.348033,0.112214,0.168378,0.191606,140
0.065779,0.118856,0.014078,0.240735,0.080758,0.215793,0.219608,0.082395,0.547162,0.119166,0.164212,0.30885,106
0.112262,0.151141,0.014995,0.148736,0.053725,0.318884,0.188235,0.079244,0.442494,0.061569,0.090642,0.081661,101
0.173601,0.248529,0.009233,0.215463,0.069945,0.361855,0.317647,0.102431,0.64067,0.024826,0.111,0.136861,118
0.117963,0.181007,0.004911,0.276396,0.085197,0.382397,0.172549,0.068663,0.429835,0.013903,0.116339,0.114051,135
0.116538,0.171528,0.007006,0.173709,0.055603,0.305126,0.184314,0.070239,0.581462,0.054618,0.104957,0.077099,106
0.137971,0.16997,0.0294,0.204076,0.080872,0.31568,0.235294,0.155561,0.434871,0.120159,0.147433,0.20073,101
0.176205,0.228179,0.015191,0.124563,0.046554,0.196193,0.247059,0.19068,0.992242,0.109235,0.024523,0.036496,131
0.159349,0.205188,0.042431,0.446709,0.163394,0.337354,0.278431,0.20036,0.50034,0.074479,0.066882,0.036953,170
0.217179,0.288422,0.078444,0.414344,0.179159,0.318884,0.278431,0.161864,0.355519,0.075472,0.055617,0.052464,197
0.199693,0.261399,0.010018,0.262411,0.084685,0.063325,0.027451,0.202386,0.493807,0.084409,0.08196,0.021898,197
0.101299,0.147493,0.018072,0.184297,0.066758,0.05277,0.003922,0.270149,0.453791,0.055611,0.013728,0.007299,119
0.207285,0.269851,0.07792,0.365298,0.164248,0.120995,0.184314,0.105133,0.271403,0.10427,0.089176,0.052464,136
0.135175,0.157796,0.094159,0.206972,0.12754,0.218809,0.258824,0.107609,0.278073,0.063555,0.019009,0.015967,152
0.207614,0.21595,0.049371,0.204375,0.094986,0.230117,0.243137,0.137326,0.281339,0.082423,0.057084,0.015055,141
0.175081,0.176643,0.009364,0.251423,0.080815,0.310592,0.239216,0.084421,0.295903,0.070506,0.034908,0.000456,163
0.24445,0.21199,0.061682,0.4545,0.179159,0.280814,0.337255,0.0914,0.315775,0.074479,0.013318,0.007299,154
0.183714,0.172665,0.013751,0.01818,0.013317,0.249906,0.219608,0.025439,0.21832,0.057597,0.019771,0.00365,159
0.181878,0.204913,0.039288,0.10029,0.056229,0.35375,0.301961,0.124944,0.327344,0.05859,0.057143,0.006843,127
0.165516,0.189605,0.044984,0.304365,0.122247,0.35375,0.270588,0.085322,0.094052,0.056604,0.019067,0.005474,145
0.194897,0.224677,0.027501,0.30007,0.104718,0.354127,0.368627,0.080819,0.105485,0.076465,0.065826,0.021442,143
?,0.382162,0.062795,0.3639,0.152809,0.517904,0.333333,0.143854,0.136927,0.09434,0.018891,0.01323,190
0.295264,0.45742,0.25609,0.458895,0.318365,0.535809,0.45098,0.161864,0.152988,0.112214,0.087122,0.032391,192
0.182207,0.239765,0.009822,0.143842,0.048603,0.348285,0.227451,0.229851,0.838301,0.042701,0.042417,0.000456,185
0.233268,0.281346,0.011917,0.234142,0.075522,0.329438,0.168627,0.38181,0.816252,0.057597,0.106366,0.005474,179
0.085348,0.085911,0.009102,0.078214,0.028171,0.30098,0.145098,0.093652,0.679053,0.030785,0.0044,0.001369,172
0.221647,0.276469,0.141239,0.244831,0.172329,0.338296,0.282353,0.190905,0.434463,0.096326,0.043473,0.063869,164
0.131667,0.199963,0.076152,0.324543,0.150532,0.257633,0.239216,0.221072,0.364911,0.070506,0.045351,0.010949,126
0.163761,0.242644,0.015191,0.181201,0.063741,0.318319,0.235294,0.092301,0.273581,0.049652,0.010678,0.001369,186
0.212739,0.308314,0.270037,0.316951,0.285357,0.313984,0.4,0.195858,0.263101,0.051639,0.022118,0.005474,154
0.179165,0.2352,0.012834,0.11807,0.042912,0.217301,0.207843,0.206664,0.390363,0.020854,0.01103,0.000456,137
0.124925,0.162325,0.011328,0.103087,0.03722,0.21749,0.227451,0.113913,0.393086,0.028798,0.005163,0.000456,102
0.112646,0.185168,0.012638,0.152632,0.053213,0.234075,0.2,0.118415,0.299034,0.014896,0.005808,0.001825,101
0.22817,0.407737,0.099725,0.209869,0.13232,0.1585,0.27451,0.187078,0.297264,0.050645,0.011147,0.004106,171
0.068931,0.082152,0.012703,0.053142,0.023106,0.127214,0.223529,0.1362,0.234517,0.013903,0.004517,0.000456,121
0.117826,0.218792,0.036472,0.290281,0.111946,0.31945,0.239216,0.162539,0.28025,0.01291,0.015664,0.000912,118
0.09738,0.19362,0.067509,0.346319,0.139776,0.409913,0.290196,0.192706,0.425616,0.04568,0.013259,0.007755,114
0.224799,0.375415,0.13325,0.25412,0.169313,0.372032,0.27451,0.276902,0.476521,0.061569,0.027809,0.029653,186
0.201858,0.301439,0.045639,0.26391,0.110125,0.274406,0.313725,0.243359,0.551109,0.064548,0.026342,0.012774,191
0.11599,0.150573,0.014995,0.158725,0.056741,0.212401,0.231373,0.194282,0.378794,0.030785,0.006101,0.003193,112
0.144686,0.21595,0.021346,0.207172,0.075977,0.201847,0.121569,0.141378,0.437457,0.038729,0.008214,0,114
0.167653,0.252617,0.015126,0.187893,0.065676,0.241613,0.262745,0.205763,0.430244,0.052632,0.004635,0,147
0.04769,0.178476,0.011001,0.140845,0.048489,0.18545,0.2,0.072715,0.462774,0.008937,0.001467,0,110
0.046374,0.144963,0.010804,0.132155,0.0457,0.135695,0.180392,0.138676,0.493263,0.003972,0.00088,0,101
0.114619,0.23124,0.021412,0.222855,0.080701,0.181681,0.219608,0.187303,0.43841,0.031778,0.009152,0.000456,121
0.109056,0.232964,0.015453,0.157826,0.058847,0.209763,0.215686,0.258442,0.540357,0.036743,0.00352,0.002737,122
0.059502,0.165588,0.010935,0.110578,0.039269,0.153977,0.164706,0.223323,0.576834,0.010924,0.003872,0,105
0.13375,0.286882,0.013292,0.175607,0.060668,0.20637,0.231373,0.330032,0.457602,0.031778,0.009387,0.000912,128
0.263252,0.263287,0.0423,0.59994,0.209664,0.376178,0.168627,0.119991,0.360828,0.41708,0.193488,0.026916,280
0.383435,0.506004,0.145888,0.532814,0.262876,0.333962,0.286275,0.305718,0.443038,0.381331,0.156468,0.014142,285
0.186208,0.191897,0.029924,0.437519,0.151898,0.263852,0.117647,0.257542,0.237376,0.482622,0.232444,0.093066,249
0.307762,0.327674,0.016632,0.581161,0.185931,0.358274,0.141176,0.337911,0.285559,0.109235,0.105603,0,276
0.379899,0.384142,0.089117,0.60903,0.24586,0.473992,0.231373,0.48244,0.297945,0.105263,0.157935,0.019161,270
0.253029,0.275076,0.048651,0.325742,0.131125,0.332265,0.172549,0.320801,0.333469,0.151936,0.03479,0.021442,292
0.34183,0.323953,0.01028,0.326741,0.104263,0.380513,0.152941,0.540297,0.386961,0.072493,0.033265,0,282
0.165707,0.165496,0.006024,0.374888,0.115645,0.379382,0.12549,0.361549,0.361916,0.073486,0.017835,0.006387,267
0.345502,0.41287,0.132596,0.395465,0.211656,0.349416,0.266667,0.545925,0.320811,0.114201,0.12819,0.020985,266
0.302801,0.268127,0.012114,0.378783,0.121336,0.3464,0.235294,0.552454,0.386552,0.083416,0.023585,0.000912,297
0.263389,0.265707,0.011328,0.292678,0.094815,0.275537,0.152941,0.476362,0.308153,0.049652,0.045409,0,291
0.214795,0.259455,0.027043,0.311957,0.111718,0.225971,0.152941,0.37348,0.474888,0.050645,0.065943,0.006387,221
0.245875,0.308938,0.059455,0.483169,0.186785,0.249717,0.192157,0.50878,0.417858,0.084409,0.026166,0.018248,229
0.315217,0.333028,0.042431,0.468385,0.170451,0.37467,0.25098,0.392166,0.57207,0.070506,0.019302,0.004106,245
0.211478,0.206857,0.014536,0.389671,0.126231,0.314361,0.192157,0.332733,0.245406,0.039722,0.003637,0,281
0.256263,0.307196,0.239851,0.329338,0.267771,0.165473,0.223529,0.458127,0.62842,0.047666,0.011968,0.001825,248
0.23768,0.303548,0.2022,0.308161,0.234933,0.111949,0.188235,0.410626,0.397169,0.072493,0.030449,0.005931,206
0.253769,0.338216,0.19264,0.357707,0.242331,0.129853,0.188235,0.45385,0.415816,0.041708,0.017424,0.003193,250
0.351148,0.389715,0.12631,0.538608,0.250526,0.25801,0.282353,0.492796,0.113652,0.105263,0.032913,0.00958,250
0.141643,0.129526,0.00825,0.234342,0.074896,0.173954,0.105882,0.414903,0.503062,0.067527,0.012672,0.009124,212
0.280491,0.399908,0.2206,0.328638,0.253998,0.167735,0.160784,0.487393,0.560365,0.09434,0.059431,0.006843,251
0.24234,0.334439,0.208028,0.508341,0.299015,0.26046,0.211765,0.465106,0.299986,0.137041,0.048401,0,229
0.244094,0.350738,0.056443,0.506143,0.191452,0.271014,0.156863,0.599054,0.57139,0.075472,0.091522,0,211
0.237543,0.353561,0.096909,0.521726,0.224859,0.253298,0.160784,0.492346,0.518307,0.187686,0.031505,0.06615,231
0.356137,0.516344,0.044068,0.710219,0.244437,0.271391,0.333333,0.804367,0.354975,0.291956,0.048636,0,271
0.101135,0.406362,0.000851,0.0913,0.026293,0.463061,0.109804,0.105808,0.311828,0.028798,0.040012,0.005018,225
0.268267,0.344816,0.171818,0.256917,0.197484,0.274972,0.305882,0.286132,0.649517,0.123138,0.06653,0.051551,201
0.26232,0.371271,0.144447,0.342224,0.204143,0.297211,0.313725,0.197659,0.624064,0.121152,0.070343,0.104471,269
0.254043,0.329673,0.143334,0.284487,0.185362,0.295891,0.294118,0.247411,0.612223,0.084409,0.050455,0.068431,243
0.343748,0.435842,0.136262,0.37269,0.207956,0.350358,0.333333,0.230077,0.484552,0.142006,0.113816,0.15146,299
0.356767,0.468696,0.134756,0.447208,0.228957,0.379947,0.533333,0.202837,0.725875,0.188679,0.102611,0.274179,298
0.290303,0.377486,0.077069,0.407152,0.176143,0.330381,0.329412,0.1819,0.48074,0.098312,0.05949,0.048814,253
0.258072,0.381722,0.060372,0.438518,0.171191,0.288541,0.337255,0.295137,0.499115,0.10427,0.121385,0.084854,259
0.332127,0.467852,0.148507,0.583458,0.27995,0.333019,0.356863,0.273075,0.507146,0.143992,0.109944,0.115876,292
0.23694,0.276029,0.009494,0.219059,0.071254,0.139276,0,0.237281,0.23302,0.092354,0.047169,0.015967,267
0.33591,0.383702,0.039353,0.316652,0.121905,0.099887,0.05098,0.218595,0.37335,0.107249,0.100205,0.049726,296
0.365729,0.466312,0.157085,0.504046,0.262307,0.120241,0.14902,0.273751,0.388458,0.137041,0.155588,0.106296,291
0.25999,0.328591,0.051074,0.311657,0.128564,0.029212,0.039216,0.252814,0.487138,0.100298,0.032796,0.031934,231
0.223099,0.299404,0.022656,0.297373,0.104206,0.012062,0.007843,0.458802,0.542534,0.142006,0.015958,0.026004,224
0.297895,0.374388,0.030906,0.418639,0.132548,0.063513,0.215686,0.063485,0.292909,0.093347,0.04758,0.020073,225
0.395494,0.549693,0.261655,0.646988,0.379489,0.447418,0.6,0.276227,0.397849,0.150943,0.06565,0.093066,287
0.334156,0.285966,0.025733,0.450904,0.152638,0.324727,0.305882,0.092526,0.420988,0.093347,0.034556,0.008212,300
0.233131,0.202603,0.019316,0.117571,0.047294,0.266679,0.345098,0.055155,0.17286,0.087388,0.013787,0.008212,270
0.215946,0.178678,0.019316,0.09989,0.041944,0.205616,0.270588,0,0.13856,0.079444,0.018891,0.012774,212
0.283588,0.277037,0.022656,0.119469,0.050253,0.321711,0.294118,0.096803,0.264053,0.093347,0.135641,0.030109,237
0.306583,0.342451,0.063842,0.309759,0.132833,0.360912,0.560784,0.099955,0.379339,0.088381,0.094515,0.029653,285
0.275996,0.281254,0.049961,0.150934,0.078994,0.179231,0.454902,0.097479,0.131074,0.109235,0.042358,0.036496,226
0.294414,0.293519,0.032085,0.114874,0.055546,0.186016,0.305882,0.051328,0.040016,0.113208,0.030918,0.027828,282
0.246231,0.23157,0.040728,0.049146,0.041716,0.181304,0.419608,0.025214,0.048591,0.099305,0.045409,0.028741,284
0.125939,0.154001,0.009036,0.23594,0.075921,0.120807,0.054902,0.478613,0.55002,0.018868,0.002523,0,95
0.089678,0.105968,0.013816,0.194586,0.066758,0.081229,0.05098,0.342638,0.273989,0.016882,0.002992,0,77
0.102478,0.117848,0.012768,0.315553,0.102669,0.886167,0.152941,0.376632,0.315639,0.184707,0.109299,0.112226,76
0.088801,0.116344,0.015126,0.339027,0.111661,0.829438,0.133333,0.320576,0.522935,0.158888,0.086125,0.053832,79
0.092474,0.108956,0.001375,0.147638,0.043708,0.839239,0.101961,0.365376,0.595481,0.122145,0.081432,0.02281,76
0.041632,0.052782,0.001244,0.087504,0.02544,0.183,0.211765,0.105133,0.410644,0.03575,0.042065,0.015967,80
0.038618,0.047484,0.001441,0.06353,0.018439,0.124576,0.239216,0.082395,0.48496,0.024826,0.158052,0.019617,68
0.060763,0.086479,0.003405,0.168615,0.051505,0.167169,0.192157,0.106258,0.557098,0.057597,0.131476,0.051095,77
0.024996,0.062444,0.005369,0.383179,0.117808,1,0.180392,0.069113,0.215326,0.010924,0.063127,0.026004,81
0.066464,0.060702,0.002816,0.239337,0.072563,0.42141,0.133333,0.126745,0.342725,0.066534,0.086184,0.046533,63
0.040454,0.017123,0.00203,0.094396,0.028058,0.21372,0.137255,0.065961,0.309106,0.054618,0.056791,0.027372,59
0.071617,0.109854,0.003994,0.265008,0.0811,0.406898,0.215686,0.149932,0.449299,0.060576,0.054385,0.022354,66
0.030889,0.081052,0.004387,0.333134,0.101986,0.473615,0.156863,0.094102,0.322308,0.043694,0.067586,0.020529,68
0.068821,0.071922,0.003994,0.307362,0.093962,0.448737,0.180392,0.11909,0.270314,0.006951,0.048636,0.020073,55
0.126597,0.142451,0.019971,0.487963,0.159809,0.500754,0.258824,0.182125,0.443174,0.020854,0.105661,0.020529,96
0.112098,0.121991,0.026716,0.532414,0.178362,0.680173,0.262745,0.079469,0.072683,0.016882,0.103491,0.008668,93
0.034205,0.044,0.003994,0.151933,0.046895,0.268187,0.12549,0.128546,0.384919,0.018868,0.041302,0.020073,57
0.004056,0.02486,0.000589,0.073319,0.020261,0.233321,0.670588,0.106934,0.352933,0.000993,0.025169,0.005018,92
0.035055,0.058227,0.015584,0.297173,0.099027,0.375047,0.352941,0.086673,0.203076,0.005958,0.076973,0.063412,92
0.039714,0.03707,0.005042,0.207672,0.064538,0.311723,0.278431,0.103557,0.397305,0.018868,0.113816,0.057938,93
0.029272,0.044202,0.00681,0.175807,0.056115,0.317377,0.184314,0.074966,0.30407,0.043694,0.092872,0.046077,51
0.005783,0.001448,0.002685,0,0,0.082925,0.192157,0.074291,0.170137,0.024826,0.08765,0.027828,52
0.068821,0.076726,0.018924,0.094496,0.040009,0.21127,0.211765,0.075867,0.276575,0.072493,0.093752,0.082117,64
0.06619,0.101238,0.026388,0.169613,0.068124,0.334715,0.196078,0.097704,0.304886,0.229394,0.0643,0.160584,61
0.096475,0.176038,0.015191,0.197283,0.068522,0.29608,0.203922,0.078568,0.191098,0.686197,0.067292,0.45073,87
0.11525,0.126703,0.006351,0.309659,0.096693,0.300415,0.254902,0.111661,0.251123,0.082423,0.040188,0.052464,92
0.014499,0.036484,0.003208,0.133853,0.040863,0.161138,0.137255,0.084196,0.248673,0.037736,0.02863,0.031478,51
0.053966,0.076286,0.010477,0.095095,0.032952,0.160008,0.172549,0.089599,0.228665,0.050645,0.028865,0.027372,52
0.068492,0.099661,0.006548,0.17231,0.054863,0.210893,0.176471,0.115489,0.416497,0.212512,0.043004,0.197993,74
0.06523,0.106921,0.00347,0.139347,0.042172,0.230494,0.231373,0.110986,0.430516,0,0.076386,0.075274,72
0.075536,0.120506,0.003732,0.19079,0.058449,0.261214,0.211765,0.11774,0.411869,0.039722,0.112643,0.126369,72
0.117908,0.162985,0.007727,0.173809,0.056172,0.25179,0.243137,0.068663,0.455424,0.134062,0.184042,0.180657,96
0.074714,0.103126,0.00347,0.228149,0.06966,0.323973,0.188235,0.065511,0.319178,0.09434,0.135289,0.144161,94
0.074467,0.095261,0.005107,0.19059,0.059416,0.261214,0.156863,0.084647,0.44576,0.083416,0.095571,0.104015,62
0.163487,0.214502,0.019251,0.214164,0.07666,0.373728,0.239216,0.124493,0.395127,0.075472,0.156175,0.140055,94
0.058187,0.094381,0.003339,0.188593,0.057538,0.247644,0.192157,0.095002,0.275487,0.08143,0.154767,0.109489,77
0.060653,0.122376,0.008054,0.221157,0.070742,0.214851,0.164706,0.115939,0.345039,0.142999,0.187914,0.214416,67
0.039851,0.061381,0.002357,0.093597,0.028058,0.152092,0.109804,0.097704,0.285831,0.036743,0.099149,0.061588,60
0.111796,0.16106,0.003863,0.113375,0.035115,0.290426,0.172549,0.139577,0.414455,0.032771,0.090466,0.048814,70
0.061969,0.110844,0.002816,0.191789,0.058164,0.243875,0.180392,0.089374,0.399483,0.037736,0.102787,0.061588,89
0.039961,0.073481,0.002292,0.102787,0.030732,0.167169,0.160784,0.065511,0.399211,0.028798,0.075682,0.059763,63
0.109412,0.164855,0.038109,0.190091,0.082579,0.326611,0.219608,0.065061,0.483463,0.015889,0.112232,0.104471,80
0.061805,0.111944,0.002161,0.131455,0.039383,0.199397,0.113725,0.144529,0.540629,0.111221,0.103901,0.076642,87
0.019487,0.054927,0.000851,0.033164,0.008708,0.11911,0.090196,0.149257,0.39363,0.05859,0.088824,0.032391,56
0.076906,0.123934,0.005304,0.125362,0.039725,0.20882,0.137255,0.207564,0.516401,0.155909,0.110003,0.050182,91
0.059612,0.076542,0.026781,0.29967,0.109043,0.370524,0.113725,0.071814,0.256023,0.238332,0.129833,0.209854,80
0.044099,0.064901,0.002357,0.194186,0.058562,0.261591,0.164706,0.116839,0.404383,0.147964,0.079847,0.091697,62
0.050321,0.088184,0.024489,0.21836,0.081612,0.235959,0.223529,0.059658,0.270314,0.237339,0.175301,0.238139,63
0.046374,0.087432,0.007858,0.196284,0.063115,0.221824,0.192157,0.042098,0.288961,0.239325,0.164447,0.218978,60
0.028559,0.058392,0.003405,0.129757,0.039781,0.19657,0.180392,0.076767,0.151627,0.229394,0.183632,0.158759,53
0.056021,0.091777,0.006221,0.07262,0.024415,0.137203,0.203922,0.144755,0.452838,0.064548,0.034438,0.034672,76
0.083703,0.132606,0.017941,0.170013,0.062205,0.1732,0.254902,0.149032,0.367225,0.088381,0.052743,0.070255,81
0.076029,0.101348,0.035817,0.158426,0.071425,0.257821,0.27451,0.215218,0.335647,0.055611,0.033969,0.068431,74
0.103327,0.152865,0.015519,0.166517,0.059473,0.271768,0.203922,0.223323,0.334558,0.057597,0.02687,0.028741,74
0.07951,0.119039,0.016239,0.188393,0.073587,0.22484,0.192157,0.152184,0.423574,0.041708,0.034262,0.026004,89
0.070904,0.143423,0.034704,0.159924,0.071083,0.138334,0.196078,0.105133,0.268137,0.042701,0.025051,0.032847,76
0.040289,0.062921,0.008447,0.067726,0.024529,0.102714,0.003922,0.065736,0.531782,0.02284,0.004283,0.004106,80
0.082963,0.120579,0.059324,0.224153,0.108019,0.145119,0.043137,0.019811,0.336736,0.065541,0.063127,0.028741,62
0.092995,0.119424,0.080801,0.19069,0.112686,0.214097,0.301961,0.262269,0.431196,0.053625,0.01895,0.020985,83
0.092063,0.121313,0.012834,0.176406,0.060554,0.26536,0.156863,0.085547,0.421533,0.028798,0.009739,0.000456,88
0.051143,0.060189,0.012572,0.129258,0.046156,0.274783,0.152941,0.095903,0.250851,0.013903,0.008918,0,79
0.625911,0.619965,0.015388,0.614224,0.19498,0.48153,0.494118,0.163215,0.597387,0.659384,0.076738,0.013686,404
0.753083,0.763865,0.124935,0.949755,0.374367,0.579721,0.454902,0.319676,0.394447,0.873883,0.252332,0.042883,406
0.64474,0.848125,1,0.968335,1,0.429514,0.878431,0.389914,0.21519,0.775571,1,0.305657,424
0.665625,0.651114,0.046556,0.622216,0.219396,0.454768,0.431373,0.283431,0.302572,0.834161,0.370783,0.17792,405
0.548895,0.512879,0.044395,0.561882,0.199761,0.424425,0.368627,0.315173,0.260378,0.834161,0.370783,0.17792,403
0.854985,0.832212,0.651847,0.862851,0.720676,0.540897,0.698039,0.534894,0.319178,0.83714,0.640188,1,445
0.69539,0.675662,0.192182,0.94506,0.420579,0.584244,0.423529,0.393516,0.341636,0.53426,0.36386,0.354015,412
0.858548,0.768503,0.156954,0.725402,0.328894,0.576517,0.490196,0.422557,0.393902,0.521351,0.192666,0.215785,444
0.88867,0.749766,0.088855,0.648686,0.257356,0.54542,0.65098,0.276677,0.40833,0.680238,0.13922,0.29927,458
0.858274,0.848199,0.438777,0.859554,0.569632,0.553147,0.65098,0.405448,0.258745,0.621648,0.289176,0.291058,470
0.590939,0.566358,0.046228,0.828289,0.28143,0.552582,0.341176,0.281405,0.262556,0.313803,0.186213,0.059307,404
0.684454,0.632469,0.152763,0.677555,0.311707,0.513004,0.45098,0.362224,0.305022,0.416087,0.164799,0.110858,401
0.744751,0.684517,0.192771,0.717611,0.351944,0.556351,0.533333,0.404548,0.364911,0.60576,0.335054,0.458485,426
0.681823,0.64939,0.049633,0.840475,0.287804,0.698832,0.32549,0.359973,0.29427,0.234359,0.101789,0.029197,402
0.752343,0.712934,0.222826,0.786135,0.393717,0.611572,0.462745,0.359973,0.255615,0.089374,0.012907,0,416
0.975963,0.947273,0.534639,0.80012,0.6196,0.619864,0.784314,0.629221,0.32925,0.089374,0.012907,0,484
0.769528,0.798533,0.429151,0.848167,0.55916,0.610064,0.54902,0.419406,0.241595,0.142999,0.298387,0.040602,469
0.811297,0.810395,0.248952,0.922585,0.453588,0.732755,0.556863,0.40027,0.296448,0.479643,0.313816,0.233577,431
0.895247,0.831589,0.081522,0.946858,0.342667,0.754994,0.603922,0.388564,0.284334,0.636544,0.16257,0.291515,455
1,0.935539,0.429937,0.957547,0.592453,0.779683,0.709804,0.416029,0.24704,0.587885,0.52467,0.436588,518
0.584224,0.61507,0.068491,0.830986,0.298276,0.681304,0.423529,0.263395,0.147952,0.369414,0.204693,0.080292,418
0.906128,0.85511,0.363738,0.940266,0.540607,0.709197,0.701961,0.520711,0.329522,0.499503,0.245527,0.210766,432
0.659294,0.641232,0.107321,0.744881,0.299755,0.650207,0.392157,0.43629,0.334286,0.313803,0.115987,0.114964,444
0.830921,0.765973,0.214969,0.771451,0.383757,0.634942,0.498039,0.555606,0.330339,0.332671,0.12027,0.090785,439
0.688291,0.681291,0.269775,0.829787,0.440726,0.622126,0.643137,0.59005,0.530965,0.403178,0.208742,0.212135,406
0.881516,0.918783,0.323271,0.796024,0.468044,0.852808,0.929412,0.258217,0.297128,0.260179,0.164506,0.24042,476
0.93603,1,0.466147,0.858855,0.588071,0.87467,1,0.352544,0.085749,0.305859,0.308654,0.349453,521
0.975881,0.988138,0.10313,0.703826,0.284275,0.875047,0.658824,0.324629,0.576562,0.227408,0.140452,0.143704,602
0.384668,0.372921,0.035686,0.786235,0.261397,0.481153,0.282353,0.126294,0.550565,0.560079,0.163098,0.023266,372
0.373212,0.367751,0.007268,0.427829,0.132491,0.339804,0.172549,0.101531,0.608412,0.259186,0.167967,0.005474,319
0.429535,0.478522,0.059062,0.628209,0.230323,0.366189,0.278431,0.15466,0.436777,0.381331,0.168378,0.017336,322
0.571397,0.616042,0.150471,0.819998,0.353765,0.461364,0.415686,0.285007,0.590581,0.552135,0.174831,0.031478,358
0.594365,0.632872,0.007858,0.603836,0.186842,0.502073,0.294118,0.317875,0.696611,0.445879,0.084365,0.006843,380
0.472154,0.628729,0.382596,0.607032,0.453076,0.386355,0.439216,0.534219,0.425752,0.536246,0.217835,0.029653,336
0.679494,0.80869,0.424175,0.734592,0.520972,0.481153,0.74902,0.299865,0.375391,0.98709,0.564623,0.109945,399
0.604067,0.663379,0.117863,0.749176,0.308747,0.552959,0.521569,0.242909,0.257656,1,0.356527,0.114507,387
0.607548,0.681016,0.303824,0.755968,0.442263,0.52582,0.517647,0.238856,0.319314,0.735849,0.712232,0.216697,390
0.535027,0.65775,0.158002,0.719109,0.327984,0.432718,0.388235,0.341288,0.273309,0.57001,0.516515,0.099909,379
0.392808,0.518233,0.28896,0.717611,0.420124,0.337731,0.380392,0.395092,0.285831,0.473684,0.290701,0.094434,339
0.464671,0.606197,0.586695,0.670762,0.616983,0.30098,0.580392,0.384286,0.330339,0.693148,0.522206,0.240876,342
0.537932,0.728334,0.696503,0.798622,0.733424,0.366001,0.639216,0.435164,0.28202,0.648461,0.355529,0.189325,352
0.538289,0.677624,0.646608,0.84507,0.713904,0.41029,0.666667,0.356596,0.31387,0.574975,0.338692,0.164234,393
0.599792,0.689724,0.870482,0.79123,0.854305,0.381078,0.807843,0.305268,0.306656,0.948361,0.552537,0.307026,383
0.498273,0.629499,0.333486,0.722006,0.452962,0.388805,0.435294,0.258442,0.267728,0.834161,0.370783,0.17792,361
0.578167,0.629994,0.24319,0.64579,0.366001,0.422541,0.403922,0.386763,0.347489,0.834161,0.370783,0.17792,369
0.564765,0.597488,0.413698,0.629408,0.481304,0.362231,0.494118,0.611887,0.350347,0.834161,0.370783,0.17792,374
0.682947,0.684169,0.04852,0.706123,0.245632,0.433848,0.521569,0.3181,0.332789,0.834161,0.370783,0.17792,383
0.407417,0.410908,0.072748,0.712816,0.265551,0.439314,0.227451,0.393066,0.297809,0.109235,0.105603,0,316
0.505893,0.558255,0.319539,0.855759,0.483865,0.45703,0.4,0.343764,0.273717,0.109235,0.105603,0,346
0.550458,0.582767,0.139274,0.849466,0.354334,0.510366,0.317647,0.452949,0.355519,0.170804,0.326782,0.013686,365
0.671792,0.678761,0.208421,0.889821,0.415287,0.535997,0.458824,0.48244,0.292228,0.560079,0.373717,0.206204,387
0.596475,0.582327,0.057098,0.753871,0.266746,0.661704,0.447059,0.325979,0.248537,0.414101,0.096451,0.055657,392
0.384175,0.341113,0.008774,0.742683,0.229298,0.633434,0.235294,0.348717,0.306792,0.183714,0.047287,0.012318,352
0.411062,0.405903,0.133709,0.761762,0.323488,0.603656,0.266667,0.588474,0.20294,0.194638,0.053036,0.02281,316
0.372554,0.372151,0.028614,0.759265,0.248364,0.634188,0.180392,0.411301,0.226487,0.143992,0.30971,0.02646,328
0.349257,0.363425,0.012114,0.695934,0.217005,0.54787,0.188235,0.40905,0.315639,0.168818,0.236022,0.032391,323
0.44661,0.459767,0.103916,0.726101,0.291731,0.529212,0.270588,0.478613,0.298761,0.222443,0.105309,0.065693,324
0.611659,0.561261,0.178693,0.644291,0.319674,0.529778,0.435294,0.422783,0.319995,0.316783,0.123086,0.096715,369
0.217919,0.242937,0.007923,0.541105,0.16698,0.413306,0.086275,0.402747,0.362189,0.083416,0.123731,0.005931,301
0.774187,0.75853,0.368779,0.713016,0.475386,0.599133,0.678431,0.495498,0.285559,0.443893,0.223702,0.174726,395
0.409965,0.562343,0.121202,0.68225,0.293097,0.582171,0.670588,0.321477,0.215734,0.180735,0.346025,0.017336,369
0.66853,0.690439,0.216147,0.670263,0.354163,0.571806,0.45098,0.517109,0.294814,0.263158,0.361631,0.059307,393
0.496327,0.570208,0.037782,0.776446,0.259803,0.639465,0.360784,0.442368,0.356472,0.269116,0.052097,0.0625,389
0.34109,0.331543,0.016894,0.417241,0.137385,0.402752,0.160784,0.597704,0.432149,0.092354,0.137577,0.002737,308
0.384038,0.350518,0.068033,0.567875,0.217916,0.481719,0.203922,0.596578,0.38805,0.145978,0.183045,0.040602,319
0.562846,0.590577,0.105684,0.628009,0.263445,0.599698,0.298039,1,0.35933,0.196624,0.115048,0.049726,351
0.458066,0.465487,0.061943,0.710019,0.257014,0.588767,0.372549,0.520036,0.345992,0.171797,0.03655,0.014599,359
0.497177,0.443194,0.010542,0.675357,0.210062,0.738032,0.301961,0.447321,0.368994,0.093347,0.055265,0.001369,339
0.445184,0.427665,0.010608,0.444111,0.140117,0.61421,0.203922,0.330932,0.294678,0.112214,0.040774,0.000456,346
0.296278,0.316803,0.035883,0.426631,0.152581,0.492273,0.235294,0.231427,0.278481,0.074479,0.080375,0.008212,313
0.395823,0.471354,0.145757,0.492259,0.250242,0.450622,0.431373,0.43629,0.327208,0.356504,0.236198,0.154653,322
0.567396,0.590173,0.198402,0.587953,0.316772,0.553713,0.580392,0.550203,0.464679,0.418073,0.326958,0.344434,358
0.557118,0.550536,0.109547,0.684147,0.282966,0.664154,0.533333,0.463305,0.314142,0.367428,0.116867,0.221259,380
0.364441,0.465304,0.257006,0.495355,0.330545,0.363551,0.356863,0.623143,0.384511,0.134062,0.08812,0.054745,313
0.477471,0.588853,0.361511,0.604435,0.437255,0.47418,0.466667,0.604232,0.45066,0.147964,0.066882,0.043339,337
0.504933,0.562636,0.15643,0.809609,0.35422,0.495854,0.498039,0.518685,0.48809,0.272095,0.064124,0.10219,343
0.451406,0.431882,0.081391,0.638498,0.249161,0.493027,0.439216,0.478838,0.413638,0.178749,0.060135,0.07938,366
0.178233,0.698487,0.004125,0.140246,0.043424,0.296834,0.082353,0.212967,0.293453,0.056604,0.04934,0.017792,377
0.200597,0.721918,0.003078,0.211867,0.063628,0.58971,0.145098,0.133273,0.213148,0.02284,0.06301,0.002281,302
0.133092,0.673554,0,0.094596,0.025895,0.231436,0.133333,0.131472,0.354703,0.054618,0.05685,0.00958,346
0.315655,0.426327,0.103457,0.364299,0.18172,0.317565,0.415686,0.195633,0.493671,0.132075,0.097389,0.12135,308
0.371786,0.422899,0.016697,0.340825,0.113141,0.440633,0.411765,0.158487,0.657547,0.079444,0.025403,0.047445,323
0.321603,0.368081,0.003405,0.331935,0.101019,0.415567,0.34902,0.168843,0.748197,0.125124,0.027222,0.030109,308
0.279258,0.357925,0.004125,0.39087,0.119401,0.440445,0.329412,0.183926,0.703008,0.119166,0.039014,0.031934,302
0.447487,0.467651,0.047865,0.467686,0.173468,0.522427,0.443137,0.295137,0.630734,0.167825,0.031681,0.080292,316
0.372444,0.39549,0.016435,0.534712,0.17159,0.521297,0.372549,0.237506,0.684361,0.160874,0.036198,0.057026,338
0.420956,0.465652,0.150799,0.58226,0.281259,0.550697,0.529412,0.208465,0.672247,0.184707,0.058258,0.096259,319
0.516143,0.559446,0.180526,0.500749,0.27773,0.535055,0.556863,0.254165,0.587315,0.190665,0.05773,0.160128,360
0.575782,0.55754,0.016304,0.378584,0.124296,0.475688,0.498039,0.327555,0.639853,0.160874,0.024875,0.071624,367
0.781916,0.75358,0.10935,0.605834,0.259006,0.770449,0.768627,0.230077,0.338097,0.222443,0.086418,0.192518,390
0.302253,0.422275,0.174371,0.620418,0.30943,0.283076,0.14902,0.262945,0.020144,0.192651,0.091464,0.19708,318
0.436606,0.459455,0.035621,0.527919,0.1832,0.486619,0.003922,0.319901,?,0.179742,0.040716,0.135036,305
0.309406,0.350665,0.089772,0.51853,0.218826,0.524877,0.086275,0.312472,0.0294,0.128103,0.068759,0.076642,325
0.347859,0.390998,0.093177,0.416642,0.190314,0.509989,0.086275,0.303242,0.001089,0.098312,0.041948,0.076186,313
0.499781,0.519186,0.046163,0.498851,0.182061,0.498304,0.101961,0.371004,0,0.120159,0.105837,0.048358,339
0.674862,0.679384,0.08951,0.626511,0.250982,0.571429,0.109804,0.44507,0.000408,0.138034,0.048812,0.069343,378
0.372965,0.462041,0.028091,0.387973,0.135792,0.422164,0.054902,0.266772,0.01715,0.103277,0.038545,0.046533,397
0.502138,0.607572,0.258971,0.498851,0.33248,0,0.184314,0.35412,0.59412,0.234359,0.122851,0.180201,347
0.498081,0.56073,0.067051,0.501349,0.197314,0.093856,0.031373,0.295813,0.62842,0.202582,0.036961,0.074818,350
0.551143,0.678339,0.235856,0.712316,0.380912,0.143611,0.152941,0.425934,0.639036,0.233366,0.20839,0.209854,367
0.291838,0.361206,0.025864,0.370592,0.128621,0.082171,0.011765,0.270149,0.350619,0.11718,0.094163,0.056569,332
0.549334,0.57052,0.318819,0.765957,0.456092,0.35997,0.427451,0.365826,0.518715,0.182721,0.089058,0.117701,362
0.728252,0.731708,0.57517,1,0.708554,0.608556,0.705882,0.284557,0.528243,0.246276,0.121443,0.192062,390
0.722907,0.765441,0.625458,0.69084,0.649138,0.499058,0.894118,0.235254,0.363141,0.256207,0.210032,0.310219,393
0.588061,0.633294,0.516697,0.707522,0.578852,0.436864,0.807843,0.203062,0.466177,0.200596,0.136638,0.146442,385
0.657101,0.689541,0.350314,0.721307,0.4648,0.321523,0.639216,0.161639,0.453246,0.193644,0.156175,0.132755,386
0.210382,0.183683,0.009429,0.189891,0.062262,0.252167,0.27451,0.144304,0.508915,0.079444,0.017659,0.015055,328
